[
  {
    "rank": 1,
    "name": "Noah",
    "gender": "Boy"
  },
  {
    "rank": 1,
    "name": "Olivia",
    "gender": "Girl"
  },
  {
    "rank": 2,
    "name": "Liam",
    "gender": "Boy"
  },
  {
    "rank": 2,
    "name": "Emma",
    "gender": "Girl"
  },
  {
    "rank": 3,
    "name": "Oliver",
    "gender": "Boy"
  },
  {
    "rank": 3,
    "name": "Amelia",
    "gender": "Girl"
  },
  {
    "rank": 4,
    "name": "Elijah",
    "gender": "Boy"
  },
  {
    "rank": 4,
    "name": "Ava",
    "gender": "Girl"
  },
  {
    "rank": 5,
    "name": "Gold",
    "gender": "Boy"
  },
  {
    "rank": 5,
    "name": "Sophia",
    "gender": "Girl"
  },
  {
    "rank": 6,
    "name": "Lucas",
    "gender": "Boy"
  },
  {
    "rank": 6,
    "name": "Isabella",
    "gender": "Girl"
  },
  {
    "rank": 7,
    "name": "Mateo",
    "gender": "Boy"
  },
  {
    "rank": 7,
    "name": "Luna",
    "gender": "Girl"
  },
  {
    "rank": 8,
    "name": "Levi",
    "gender": "Boy"
  },
  {
    "rank": 8,
    "name": "Mia",
    "gender": "Girl"
  },
  {
    "rank": 9,
    "name": "Asher",
    "gender": "Boy"
  },
  {
    "rank": 9,
    "name": "Charlotee",
    "gender": "Girl"
  },
  {
    "rank": 10,
    "name": "Ethan",
    "gender": "Boy"
  },
  {
    "rank": 10,
    "name": "Harper",
    "gender": "Girl"
  },
  {
    "rank": 11,
    "name": "James",
    "gender": "Boy"
  },
  {
    "rank": 11,
    "name": "Evelyn",
    "gender": "Girl"
  },
  {
    "rank": 12,
    "name": "Luca",
    "gender": "Boy"
  },
  {
    "rank": 12,
    "name": "Ella",
    "gender": "Girl"
  },
  {
    "rank": 13,
    "name": "Leo",
    "gender": "Boy"
  },
  {
    "rank": 13,
    "name": "Scarlett",
    "gender": "Girl"
  },
  {
    "rank": 14,
    "name": "Grayson",
    "gender": "Boy"
  },
  {
    "rank": 14,
    "name": "Aurora",
    "gender": "Girl"
  },
  {
    "rank": 15,
    "name": "Aiden",
    "gender": "Boy"
  },
  {
    "rank": 15,
    "name": "Gianna",
    "gender": "Girl"
  },
  {
    "rank": 16,
    "name": "Ezra",
    "gender": "Boy"
  },
  {
    "rank": 16,
    "name": "Nova",
    "gender": "Girl"
  },
  {
    "rank": 17,
    "name": "Benjamin",
    "gender": "Boy"
  },
  {
    "rank": 17,
    "name": "Aria",
    "gender": "Girl"
  },
  {
    "rank": 18,
    "name": "Henry",
    "gender": "Boy"
  },
  {
    "rank": 18,
    "name": "Mila",
    "gender": "Girl"
  },
  {
    "rank": 19,
    "name": "Sebastian",
    "gender": "Boy"
  },
  {
    "rank": 19,
    "name": "Sofia",
    "gender": "Girl"
  },
  {
    "rank": 20,
    "name": "Wyatt",
    "gender": "Boy"
  },
  {
    "rank": 20,
    "name": "Ellie",
    "gender": "Girl"
  },
  {
    "rank": 21,
    "name": "Owen",
    "gender": "Boy"
  },
  {
    "rank": 21,
    "name": "Violet",
    "gender": "Girl"
  },
  {
    "rank": 22,
    "name": "Mason",
    "gender": "Boy"
  },
  {
    "rank": 22,
    "name": "Willow",
    "gender": "Girl"
  },
  {
    "rank": 23,
    "name": "Jackson",
    "gender": "Boy"
  },
  {
    "rank": 23,
    "name": "Layla",
    "gender": "Girl"
  },
  {
    "rank": 24,
    "name": "Jack",
    "gender": "Boy"
  },
  {
    "rank": 24,
    "name": "Lily",
    "gender": "Girl"
  },
  {
    "rank": 25,
    "name": "Daniel",
    "gender": "Boy"
  },
  {
    "rank": 25,
    "name": "Camila",
    "gender": "Girl"
  },
  {
    "rank": 26,
    "name": "Alexander",
    "gender": "Boy"
  },
  {
    "rank": 26,
    "name": "Hazel",
    "gender": "Girl"
  },
  {
    "rank": 27,
    "name": "Hudson",
    "gender": "Boy"
  },
  {
    "rank": 27,
    "name": "Avery",
    "gender": "Girl"
  },
  {
    "rank": 28,
    "name": "Kai",
    "gender": "Boy"
  },
  {
    "rank": 28,
    "name": "Chloe",
    "gender": "Girl"
  },
  {
    "rank": 29,
    "name": "Gabriel",
    "gender": "Boy"
  },
  {
    "rank": 29,
    "name": "Penelope",
    "gender": "Girl"
  },
  {
    "rank": 30,
    "name": "Muhammad",
    "gender": "Boy"
  },
  {
    "rank": 30,
    "name": "Elena",
    "gender": "Girl"
  },
  {
    "rank": 31,
    "name": "William",
    "gender": "Boy"
  },
  {
    "rank": 31,
    "name": "Isla",
    "gender": "Girl"
  },
  {
    "rank": 32,
    "name": "Carter",
    "gender": "Boy"
  },
  {
    "rank": 32,
    "name": "Eliana",
    "gender": "Girl"
  },
  {
    "rank": 33,
    "name": "Maverick",
    "gender": "Boy"
  },
  {
    "rank": 33,
    "name": "Eleanor",
    "gender": "Girl"
  },
  {
    "rank": 34,
    "name": "Logan",
    "gender": "Boy"
  },
  {
    "rank": 34,
    "name": "Abigail",
    "gender": "Girl"
  },
  {
    "rank": 35,
    "name": "Michael",
    "gender": "Boy"
  },
  {
    "rank": 35,
    "name": "Elizabeth",
    "gender": "Girl"
  },
  {
    "rank": 36,
    "name": "Samuel",
    "gender": "Boy"
  },
  {
    "rank": 36,
    "name": "Nora",
    "gender": "Girl"
  },
  {
    "rank": 37,
    "name": "Ezekiel",
    "gender": "Boy"
  },
  {
    "rank": 37,
    "name": "Ivy",
    "gender": "Girl"
  },
  {
    "rank": 38,
    "name": "Jayden",
    "gender": "Boy"
  },
  {
    "rank": 38,
    "name": "Riley",
    "gender": "Girl"
  },
  {
    "rank": 39,
    "name": "Luke",
    "gender": "Boy"
  },
  {
    "rank": 39,
    "name": "Grace",
    "gender": "Girl"
  },
  {
    "rank": 40,
    "name": "Josiah",
    "gender": "Boy"
  },
  {
    "rank": 40,
    "name": "Emily",
    "gender": "Girl"
  },
  {
    "rank": 41,
    "name": "Lincoln",
    "gender": "Boy"
  },
  {
    "rank": 41,
    "name": "Paisley",
    "gender": "Girl"
  },
  {
    "rank": 42,
    "name": "David",
    "gender": "Boy"
  },
  {
    "rank": 42,
    "name": "Zoey",
    "gender": "Girl"
  },
  {
    "rank": 43,
    "name": "Theo",
    "gender": "Boy"
  },
  {
    "rank": 43,
    "name": "Emilia",
    "gender": "Girl"
  },
  {
    "rank": 44,
    "name": "Julian",
    "gender": "Boy"
  },
  {
    "rank": 44,
    "name": "Stella",
    "gender": "Girl"
  },
  {
    "rank": 45,
    "name": "Elias",
    "gender": "Boy"
  },
  {
    "rank": 45,
    "name": "Everly",
    "gender": "Girl"
  },
  {
    "rank": 46,
    "name": "Jacob",
    "gender": "Boy"
  },
  {
    "rank": 46,
    "name": "Maya",
    "gender": "Girl"
  },
  {
    "rank": 47,
    "name": "Theodore",
    "gender": "Boy"
  },
  {
    "rank": 47,
    "name": "Leilani",
    "gender": "Girl"
  },
  {
    "rank": 48,
    "name": "Matthew",
    "gender": "Boy"
  },
  {
    "rank": 48,
    "name": "Athena",
    "gender": "Girl"
  },
  {
    "rank": 49,
    "name": "Waylon",
    "gender": "Boy"
  },
  {
    "rank": 49,
    "name": "Naomi",
    "gender": "Girl"
  },
  {
    "rank": 50,
    "name": "Jaxon",
    "gender": "Boy"
  },
  {
    "rank": 50,
    "name": "Lucy",
    "gender": "Girl"
  }
]
